Model,Misspelled,Correct,Suggestions
Edit Distance,සංයොජන,සංයෝජන,"සංයෝජන, ගොවිජන, ජන, දුර්ජන, පොදුජන, භෝජන, මහජන, සංඝටන, සංචලන, සංචේතන, සංයුජනය, සංයුඤ්ජන, සංයෝජක, සංයෝජනය, සංලග්න, සංලීන, සංවහන, සංවේතන, සංහනන, බෝජන, ෂංයෝජන, සංකීර්න, සංචරන, සංචළන, සංයෝජඛ, සංයෝජණ, සංසරන, සංළග්න, සංළීන, අංජන, සහජන, සාධුජන, සුජන, සුළුජන, හරිජන"
Edit Distance,අපේ,අපේ,"අපේ, අග, අඟ, අජ, අඥ, අට, අඩි, අඩු, අඩ, අණු, අණ, අත්, අති, අත, අද, අධි, අන්, අනේ, අප්පේ, අපා, අපි, අප, අබිං, අබ, අමු, අඹ, අය, අර, අලි, අලු, අල, අව, අහං, අහ්, අහා, අහෝ, අළු, කූපේ, අණේ, අණ්, අන, අනු, අලු, අළ, අළි, අළු, ඛූපේ, සැපේ, හපේ, හැපේ, අංග, අංශු, අංශ, අකල්, අක්ෂි, අකාල, අකුණ, අකුර, අකුල, අගනා, අගය, අගරු, අගලු, අගල, අග්‍ර, අගාධ, අගැයූ, අගිල්, අගුණ, අගුල, අගුව, අගුළ, අගෙයි, අඝෝෂ, අඟල, අඟුටු, අඟුරු, අඟුල, අඟෙහි, අචල, අච්චු, අජර, අජීවී, අජීව, අඥයා, අඥාත, අඥාන, අටිය, අටුව, අඩංගු, අඩක්, අඩය, අඩාල, අඩිය, අඩුව, අණක්, අණුක, අණුව, අඬන, අඬුව, අතන, අතරේ, අතර, අත්ත, අත්ල, අතීත, අතුණ, අතුරු, අතුර, අදාළ, අදින, අදිශ, අදෝෂ, අධම, අධර, අධික, අනගි, අන්ත, අන්ධ, අන්‍ය, අනාථ, අනික්, අනිසි, අනුව, අනූන, අනූව, අනෙක්, අනෙක, අනේක, අනෝදා, අඳය, අඳුන්, අඳුරු, අඳුර‍, අපට, අපර, අපල, අපාංග, අපාක, අපාද, අපාය, අපිම, අපුල, අපූරු, අපොයි, අඵල, අබය, අබාධ, අභය, අභාවී, අභීත, අභූත, අමන, අමර, අම්මා, අම්ල, අමාරු, අමිල, අමුණූ, අමුණ, අමුතු, අයථා, අයන, අයස, අයාලෙ, අයැදූ, අයිති, අයින, අයිසිං, අයුතු, අයුරු, අයෙක්, අරක, අරණ, අරඹා, අරඹ, අරය, අරවා, අරළු, අර්ධ, අරීය, අරුචි, අරුණ, අරුත, අරුම, අරූපී, අරූප, අරෝච, අලජ්, අලය, අලස, අල්ගේ, අල්ප, අලාභ, අලියා, අලුත්, අලුත, අලුවා, අලුව, අවංක, අවට, අවධි, අවන, අවම, අවර, අවල, අව්ව, අවාන, අවාසි, අවැඩ, අවිදු, අවුල්, අවුල, අවුළු, අශුචි, අශුභ, අශුව, අශූව, අෂ්ට, අසනු, අසම, අසල, අසළ, අස්ත, අස්න, අස්සේ, අසාත, අසාර, අසැබි, අසීරු, අසුන, අසුර, අසූචි, අසූව, අහක, අහඹු, අහස, අහිත, අහුර, අළුත්, අළුව, ආදි, ආදී, ආඳා, ආයා, ආර, ආවා, ඇගේ, ඇඟ, ඇට, ඇණ, ඇතා, ඇති, ඇද, ඇඳි, ඇඳ, ඇම, ඇයි, ඇය, ඇල, ඇස, ඇළ, ඈත, ඈඳූ, ඈයා, ඈ, ඉඟි, ඉඟ, ඉටි, ඉටු, ඉඩ, ඉතා, ඉදි, ඉබේ, ඉම්, ඉම, ඉර, ඉව, ඉස, ඊයේ, ඊය, ඊරි, උක්, උකු, උගේ, උඩ, උණු, උණ, උනා, උප, උඹ, උරු, උර, උල්, උල, උස්, උස, උළු, ඌන, ඌම, ඌරා, ඌරු, ඌ, ඍජු, ඍණ, ඍතු, එක්, එක, එපා, එබූ, එම, එයා, එය, එව්, එසේ, එහා, එහි, ඒකා, ඒක, ඒයි, ඒවා, ඒ, ඔටෝ, ඔත්, ඔද, ඔබේ, ඔබ, ඔයා, ඔය, ඔව්, ඔසු, ඔහු, ඔහෝ, ඕන, ඕයි, ඕවා, කංසා, කජු, කටී, කටු, කට, කඩ, කතු, කත, කථා, කදා, කදෝ, කන, කඳ, කපු, කප, කඹ, කය, කරා, කරු, කර, කලා, කව, කසා, කසු, කහ, කළා, කළු, කාකි, කාඩි, කාණ, කාම, කාල, කාවා, කාසි, කැණ, කැත්, කැත, කැඳ, කැපා, කැල, කෑම, කෑලි, කෑවා, කියූ, කිරි, කිලි, කිස, කීප, කීම, කීර, කුජ, කුඩා, කුඩු, කුඩ, කුණු, කුණ, කුදු, කුරා, කුරු, කුර, කුළු, කුළ, කූට, කූර, කූව, කෘශ, කෙච, කෙටි, කෙත, කෙඳි, කෙස්, කෙළි, කෙළ, කේජු, කේතු, කොකා, කොටා, කොට, කොණ, කොත, කොන, කොයි, කොරා, කොර, කොලු, කොස්, කොහා, කොහු, කොළ, කෝපි, කෝව, කෲර, ඛර, ගංගා, ගංජා, ගඟ, ගජ, ගණ, ගත, ගඳ, ගම, ගරු, ගල, ගස, ගහ, ග්ලු, ග්ලූ, ගාඩ්, ගාඩ, ගාල, ගැටේ, ගැති, ගැදි, ගැන, ගැබ්, ගැබ, ගැමා, ගැමි, ගැයූ, ගැල, ගෑම, ගිජු, ගිම, ගියා, ගිය, ගිර, ගිහි, ගීය, ගුඩ, ගුණ, ගුද, ගුරු, ගුල, ගුළු, ගුළ, ගූඩ, ගූඪ, ගෘහ, ගෙරි, ගෙල, ගෙළ, ගොඩේ, ගොඩ, ගොත, ගොනා, ගොම, ගොයා, ගොර, ගොස්, ගොළු, ගෝනා, ගෝපී, ගෝවා, ගෞරී, ඝන, ඝාත්, ඝෝර, ඝෝ, චතු, චහ්, චාටු, චාන්, චාම්, චීටා, චීනා, චීස්, චුත, චුල, චූටි, ඡායා, ජඩ, ජන, ජය, ජරා, ජාන, ජායා, ජෑම්, ජෑස්, ජින්, ජීවි, ජීව, ජූල, ජෙල්, ජෙලි, ජේඩ්, ජෛව, ජෝඩු, ඥාති, ටඹ, ටැඹ, ටික, ටින්, ට, ඩංඩුං, ඩැමා, ඩිංග, ණය, තකා, තටු, තඩි, තණ, තත්, තතු, තත, තද, තනි, තමා, තම, තඹ, තර, තලා, තල, තව, තළා, ත්‍රි, ත්, තාක්, තාගේ, තාදි, තාප, තාර, තා, තැත, තැන්, තැනූ, තැන, තෑගි, තිත්, තිත, තිර, තිහ, තීටා, තීරු, තීර, තුටු, තුඩ, තුන්, තුනී, තුන, තුඹ, තුරු, තුර, තුල, තුසී, තුළ, තූල, තූ, තෘණ, තෙඅත්, තෙක්, තෙත්, තෙත, තෙද, තෙපා, තෙපි, තෙම, තෙර, තෙල්, තෙල, තෙසු, තේජෝ, තේරූ, තොග, තොටු, තොට, තොර, තොල, තෝ, දඟ, දඩ, දත්, දතේ, දත, දද, දන්, දප, දඹ, දරු, දර, දල, දළ, ද්වි, දාන, දාසී, දාස, දා, දැක, දැඩි, දැන්, දැලි, දැල, දැව, දැළ, දිගු, දිගේ, දිග, දිනූ, දිය, දිරූ, දිවා, දිව, දිශා, දි, දීන, දීම, දී, දුක්, දුක, දුගී, දුටු, දුන්, දුම්, දුම, දුරු, දුර, දුලි, දුව, දූත, දෘඩ, දෙක, දෙටු, දෙණ, දෙන, දෙපා, දෙය, දෙල්, දෙස, දෙහි, දෙ, දේය, දේවී, දේව, දොර, දොස්, දොළ, දෝෂ, ද, ධජ, ධණ, ධන, ධර, ධාතු, ධීර, ධුර, ධූප, නට, නතු, නද, නන්, නඳ, නම්, නම, නයා, නය, නර, නල, නව, නළ, නාඩි, නානු, නාභි, නාභී, නා, නැගි, නැති, නැත, නැනෝ, නැබ, නැව, නැහැ, නෑනා, නෑම, නෑයා, නෑවූ, නිකං, නිජ, නිති, නිපා, නිභ, නිමි, නිම, නියං, නිය, නිල, නිසා, නිසි, නිහ්, නි, නීච, නීති, නීර, නී, නුඹ, නූල, නෙත, නොවේ, නොව, නෝනා, නෞකා, පංති, පච, පටු, පට, පඩි, පණ, පත, පන්, පයි, පරා, පරි, පර, පල්, පලා, පල, පවා, පව, පස්, පසු, පස, පහු, පහේ, පහ, පාට, පාඩ, පාණ, පාත, පාදු, පාද, පාන්, පානු, පාපී, පාර, පාලු, පාසා, පාසි, පාහේ, පාළු, පැංචා, පැකෝ, පැණි, පැති, පැතූ, පැය, පැල, පැස, පැළ, පෑන, පිං, පිකෝ, පිටි, පිට, පිඩ, පිතෘ, පිත, පින්, පිනි, පින, පිප්, පිපි, පිඹි, පියා, පිය, පිරි, පිල්, පිල, පිසූ, පිළ, පීට්, පීඩා, පුංචි, පුං, පුතා, පුන්, පුන, පුරං, පුරා, පුර, පුල්, පුස්, පුහු, පූමා, පූයා, පූරි, පූසා, පෙණ, පෙති, පෙත, පෙඳි, පෙඳ, පෙර, පෙළ, පේර, පේශි, පේශී, පේසා, පොටි, පොට, පොඩි, පොත, පොදු, පොද, පොරි, පොල්, පොළී, පොළ, පෝර, පෝල, පෝෂී, පෞත, ප, ඵල, බංටු, බට, බඩු, බඩ, බණ, බත්, බඳු, බඳ, බබා, බඹ, බය, බර, බලු, බව, බස, බහි, බහු, බාට්, බාධා, බානු, බාන, බාම්, බාල, බාස්, බාහු, බැංකු, බැට, බැදි, බැඳි, බැම, බැරි, බැර, බැව්, බැහැ, බෑග, බෑණා, බෑය, බෑර, බික, බිඳ, බිම, බිය, බිරු, බිල, බිසි, බිහි, බීජ, බීම, බීර, බුදි, බුද, බුව, බුහු, බූත, බූරු, බූව, බෙරි, බෙර, බෙලි, බෙල, බොඳ, බොරු, බොර, බොල්, බොස්, බොහෝ, බෝංචි, බෝග, බෝඩ්, භය, භාග, භීම, භීරු, භූමි, භූ, භේරී, භෝග, භෞම, මගේ, මඟ, මඩ, මත්, මතු, මත, මදි, මදු, මද, මධු, මන්, මනෝ, මන, මඳෑ, මඳ, මම, මරු, මල්, මල, මව්, මස්, මහා, මහී, මහ, මළ, මාංචු, මාංශ, මාංස, මාතෘ, මාත, මානී, මාන, මාමා, මායා, මාරු, මාලා, මාලු, මාෂ, මාළු, මා, මැක්, මැටි, මැද, මැයි, මැර, මැලි, මැළි, මැළ, මෑත, මිංව, මිටි, මිට, මිණි, මිදි, මිමි, මිය, මිල, මිස, මිහි, මීට, මීයා, මීය, මුඛ, මුඩු, මුදු, මුනි, මුර, මුල්, මුල, මුවා, මුව, මුසු, මුස, මුහු, මුහ, මුළු, මුළ, මූන, මූල, මෘග, මෘදු, මෙකී, මෙන්, මෙය, මෙර, මෙසේ, මෙහි, මෙහේ, මේක, මේඝ, මේද, මේරූ, මේවා, මේෂ, මේස්, මේ, මොක්, මොද, මොන, මොබ, මොළ, මෝඝ, මෝඩ, මෝය, මෝරා, මෝරු, මෝල්, මෝලා, මෝල, යකා, යටි, යට, යති, යත, යථා, යන, යමා, යව, යස, යළි, යාම, යාය, යාව, යාළු, යුග, යුතු, යුරු, යුෂ, යුහු, යෙටී, යෙන්, යොත, යෝග, යෝධ, යෝනි, රජු, රජ, රට, රති, රතු, රද, රන්, රයි, රස, රළු, රළ, රාගී, රාජ, රාණි, රාබු, රා, රැඳි, රැමී, රැය, රැලි, රැල, රැස්, රැස, රැළි, රැළ, රිට, රිණ, රිදී, රිසි, රීති, රුක්, රුක, රුපු, රුලං, රුව, රුසි, රූජ්, රූපී, රූප, රූල, රූ, රෙදි, රේඛා, රේණු, රොටී, රොඩු, රොද, රොන්, රොබෝ, රොඹ, රොස්, රෝගී, රෝග, රෝම, රෝල්, රෝල, රෝස, ර, ලණු, ලද, ලබු, ලය, ලල, ලවා, ලාටු, ලානෝ, ලාබ, ලාභී, ලාභ, ලාමා, ලාවා, ලා, ලැව්, ලෑම, ලිං, ලිත, ලිඳ, ලිප, ලීය, ලී, ලුණු, ලුහු, ලූනු, ලූව, ලෙඩ්, ලෙඩ, ලෙන, ලෙස, ලේඛ, ලේනා, ලේලි, ලේ, ලොකු, ලොඳ, ලොබ, ලොම්, ලොල්, ලෝබ, ලෝභී, ලෝභ, ලෝම, ලෝහ, වංක, වක්, වක, වගේ, වටා, වටු, වටේ, වට, වඩා, වණ, වත්, වත, වද, වනු, වන, වඳ, වම්, වමේ, වල්, වලා, වල, වස්, වසා, වස, වහ්, වහා, වළං, වළ, වාංගු, වාගේ, වාච, වාටි, වාණ, වාද, වානේ, වාම, වායු, වාර, වාලේ, වාස්, වාසි, වැට, වැඩි, වැඩේ, වැඩ, වැනි, වැය, වැලි, වැල, වැව, වැසි, වැසූ, වෑය, විඥ, විටි, විටෙ, විට, විත්, විත, විදි, විදු, විධි, විනා, විනේ, වියා, විරූ, විල්, විල, විෂ, විසි, විස, වි, වීජ, වීණා, වීම, වීර, වී, වුණා, වුණු, වුත්, වූල්, වූ, වෙණ, වෙති, වෙත, වෙන, වෙබ්, වෙමු, වෙලූ, වෙල, වෙස්, වේගී, වේයා, වේයෝ, වෛධ, වෛරී, වොට්, ශශ, ශ්‍රී, ශාක, ශිඛා, ශිර, ශිලා, ශුභ, ශූර, ශූල, ශෘංගී, ශේෂ, ශෛල, ශෝකී, ශෝක, ෂහ්, ෂෝක්, සංකු, සංඥා, සං, සක්, සකේ, සක, සග, සතා, සතු, සදා, සපු, සම, සරා, සරු, සරෝ, සර, සල්, සල, සව්, සවි, සස, සහ, සළු, සළ, ස්ව, සාදු, සාදූ, සාද, සාධු, සාය, සාර්, සාලි, සාල, සාවා, සා, සැක, සැටි, සැඩ, සැණ, සැඬ, සැදූ, සැපූ, සැප, සැබෑ, සැර, සැල්, සැල, සෑම, සිංහ, සිටි, සිට, සිත්, සිතු, සියෝ, සිය, සිරි, සිර, සිල්, සිව්, සිවු, සිහි, සිළු, සීටා, සීනි, සීමා, සීයා, සීය, සීර, සී, සුං, සුඟු, සුදු, සුන්, සුනු, සුප්, සුබ, සුභ, සුරා, සුරු, සුර, සුළු, සු, සූමෝ, සූර, සෘජු, සෘණ, සෘෂි, සෙක්, සෙම්, සෙම, සෙල්, සෙල, සෙසු, සේදූ, සේද, සේරා, සේවා, සොටු, සොඬ, සොඳ, සොමි, සොරා, සෝඩා, සෝස්, සෞර, හ֭ුරා, හංස, හට, හඩු, හණ, හඬ, හත්, හතු, හත, හද, හන, හඳ, හම්, හමු, හය, හරි, හර, හල, හස, හහ්, හහා, හළ, හාද, හාමු, හාල්, හාවා, හා, හැකි, හැට, හැර, හැල, හැව, හෑම, හිඟු, හිඟ, හිටි, හිත, හිමි, හිම, හිරු, හිර, හිල, හිවි, හිස්, හිස, හි, හීන්, හීන, හීය, හීලෑ, හීල, හුඟ, හුණු, හුදු, හුන්, හුරු, හූනා, හූව, හූ, හෙට, හෙබ, හෙලෝ, හෙල, හෙළ, හේඌ, හේතු, හේලී, හෛනා, හොත්, හොදි, හොඳ, හොරා, හොරි, හොරු, හොර, හෝමො, හෝයි, හෝවු, හෝ, ළංව, ළඟ, ළය, ළැදි, අංස, අංසු, අකළ්, අකාළ, අකුන, අකුළ, අක්සි, අඛල්, අඛාල, අඛුණ, අඛුර, අඛුල, අඛ්ෂි, අගණා, අගළ, අගළු, අගිළ්, අගුන, අගුල, අගුළ, අඝෝස, අඟළ, අඟුළ, අචළ, අඥාණ, අඩඛ්, අඩාළ, අණඛ්, අණගි, අණාථ, අණික්, අණිසි, අණුඛ, අණුව, අණූණ, අණූව, අණෙක, අණෙක්, අණේක, අණෝදා, අණ්ත, අණ්ධ, අණ්‍ය, අඬණ, අතණ, අතුන, අත්ළ, අදාල, අදිණ, අදිස, අදෝස, අධිඛ, අනක්, අනය, අනිඛ්, අනිෂි, අනුක, අනුව, අනෙඛ, අනෙඛ්, අනේඛ, අන්ග, අන්ශ, අන්ශු, අඳුණ්, අපළ, අපාඛ, අපුළ, අඵළ, අබය, අබාවී, අබීත, අබූත, අමණ, අමිළ, අමුන, අමුනූ, අම්ළ, අයණ, අයෂ, අයාළෙ, අයිණ, අයිෂිං, අයෙඛ්, අරඛ, අරන, අරලු, අරුන, අලෂ, අලාබ, අලුත්, අලුව, අවංඛ, අවණ, අවළ, අවාණ, අවාෂි, අවුලු, අවුළ, අවුළ්, අශුබ, අෂනු, අෂම, අෂල, අෂළ, අෂාත, අෂාර, අෂැබි, අෂීරු, අෂුන, අෂුර, අෂූචි, අෂූව, අෂ්ත, අෂ්න, අෂ්ෂේ, අසණු, අසල, අසළ, අසුචි, අසුණ, අසුභ, අසුව, අසූව, අස්ට, අස්ණ, අහඛ, අහෂ, අළජ්, අළය, අළස, අළාභ, අළියා, අළුත, අළුත්, අළුව, අළුවා, අළ්ගේ, අළ්ප, ඇන, ඇල, ඇෂ, ඇළ, ඉෂ, උඛු, උඛ්, උණා, උන, උනු, උලු, උෂ, උෂ්, උළ, උළ්, ඌණ, ඍන, එඛ, එඛ්, එෂේ, ඒඛ, ඒඛා, ඔෂු, ඕණ, කංෂා, කණ, කර, කලා, කලු, කෂා, කෂු, කළා, කාන, කාෂි, කාළ, කැන, කැළ, කෑළි, කිෂ, කිළි, කුන, කුනු, කුල, කුලු, කෘස, කෙල, කෙලි, කෙෂ්, කොණ, කොන, කොල, කොෂ්, කොළු, ඛංසා, ඛජු, ඛට, ඛටී, ඛටු, ඛඩ, ඛත, ඛතු, ඛථා, ඛදා, ඛදෝ, ඛන, ඛඳ, ඛප, ඛපු, ඛඹ, ඛය, ඛර, ඛරා, ඛරු, ඛලා, ඛව, ඛසා, ඛසු, ඛහ, ඛළා, ඛළු, ඛාඛි, ඛාඩි, ඛාණ, ඛාම, ඛාල, ඛාවා, ඛාසි, ඛැණ, ඛැත, ඛැත්, ඛැඳ, ඛැපා, ඛැල, ඛෑම, ඛෑලි, ඛෑවා, ඛියූ, ඛිරි, ඛිලි, ඛිස, ඛීප, ඛීම, ඛීර, ඛුජ, ඛුඩ, ඛුඩා, ඛුඩු, ඛුණ, ඛුණු, ඛුදු, ඛුර, ඛුරා, ඛුරු, ඛුළ, ඛුළු, ඛූට, ඛූර, ඛූව, ඛෘශ, ඛෙච, ඛෙටි, ඛෙත, ඛෙඳි, ඛෙස්, ඛෙළ, ඛෙළි, ඛේජු, ඛේතු, ඛොඛා, ඛොට, ඛොටා, ඛොණ, ඛොත, ඛොන, ඛොයි, ඛොර, ඛොරා, ඛොලු, ඛොස්, ඛොහා, ඛොහු, ඛොළ, ඛෝපි, ඛෝව, ඛෲර, ගන, ගෂ, ගළ, ගාළ, ගැණ, ගැළ, ගුන, ගුල, ගුලු, ගුළ, ගෙල, ගෙළ, ගොණා, ගොලු, ගොෂ්, ගෝණා, ග්ළු, ග්ළූ, ඝණ, චාණ්, චීණා, චීෂ්, චුළ, ජණ, ජාණ, ජෑෂ්, ජිණ්, ජූළ, ජෙළි, ජෙළ්, ටිඛ, ටිණ්, ණට, ණණ්, ණතු, ණද, ණඳ, ණම, ණම්, ණය, ණයා, ණර, ණල, ණව, ණළ, ණා, ණාඩි, ණාණු, ණාභි, ණාභී, ණැගි, ණැණෝ, ණැත, ණැති, ණැබ, ණැව, ණැහැ, ණෑණා, ණෑම, ණෑයා, ණෑවූ, ණි, ණිකං, ණිජ, ණිති, ණිපා, ණිභ, ණිම, ණිමි, ණිය, ණියං, ණිල, ණිසා, ණිසි, ණිහ්, ණී, ණීච, ණීති, ණීර, ණුඹ, ණූල, ණෙත, ණොව, ණොවේ, ණෝණා, ණෞකා, තඛා, තණි, තන, තලා, තළ, තළා, තාඛ්, තැණ, තැණූ, තැණ්, තුණ, තුණී, තුණ්, තුල, තුෂී, තුළ, තූළ, තෘන, තෙඛ්, තෙෂු, තෙළ, තෙළ්, තොළ, දණ්, දල, දළ, දාණ, දාෂ, දාෂී, දැඛ, දැණ්, දැල, දැළ, දැළි, දිණූ, දිසා, දීණ, දුඛ, දුඛ්, දුණ්, දුළි, දෙඛ, දෙණ, දෙන, දෙෂ, දෙළ්, දොල, දොෂ්, දෝස, ධණ, ධන, නය, නල, නළ, නාබි, නාබී, නිඛං, නිබ, නිෂා, නිෂි, නිළ, නූළ, නෞඛා, පණ්, පන, පෂ, පෂු, පෂ්, පළ, පළා, පළ්, පාණු, පාණ්, පාන, පාලු, පාෂා, පාෂි, පාළු, පැඛෝ, පැනි, පැල, පැෂ, පැළ, පෑණ, පිඛෝ, පිණ, පිණි, පිණ්, පිල, පිෂූ, පිළ, පිළ්, පුණ, පුණ්, පුෂ්, පුළ්, පූෂා, පෙන, පෙල, පේෂා, පේසි, පේසී, පොල, පොලී, පොළ්, පෝසී, පෝළ, ඵළ, බන, බය, බෂ, බළු, බාග, බාණ, බාණු, බාෂ්, බාළ, බැංඛු, බෑනා, බිඛ, බිෂි, බිළ, බීම, බීරු, බූ, බූමි, බෙළ, බෙළි, බේරී, බොෂ්, බොළ්, බෝග, බෞම, මණ, මණෝ, මණ්, මල, මෂ්, මළ, මළ්, මාංෂ, මාංස, මාණ, මාණී, මාලු, මාස, මාළා, මාළු, මැඛ්, මැල, මැලි, මැළි, මිනි, මිෂ, මිළ, මුක, මුණි, මුල, මුලු, මුෂ, මුෂු, මුළ, මුළ්, මූණ, මූළ, මෙඛී, මෙණ්, මෙෂේ, මේඛ, මේෂ්, මේස, මොඛ්, මොණ, මොල, මෝළ, මෝළා, මෝළ්, යඛා, යණ, යලි, යෂ, යාලු, යුස, යෙණ්, යෝණි, රණ්, රල, රලු, රෂ, රානි, රැල, රැලි, රැෂ, රැෂ්, රැළ, රැළි, රින, රිෂි, රුඛ, රුඛ්, රුෂි, රුළං, රූළ, රේකා, රේනු, රොණ්, රොෂ්, රෝෂ, රෝළ, රෝළ්, ලංව, ලඟ, ලනු, ලය, ලාණෝ, ලාබ, ලාබී, ලැදි, ලුනු, ලූණු, ලෙණ, ලෙෂ, ලේක, ලේණා, ලොඛු, ලෝබ, ලෝබී, වංඛ, වඛ, වඛ්, වණ, වණු, වන, වල, වලං, වෂ, වෂා, වෂ්, වළ, වළා, වළ්, වාණේ, වාන, වාෂි, වාෂ්, වාළේ, වැණි, වැෂි, වැෂූ, වැළ, වැළි, විණා, විණේ, විෂ, විෂි, විස, විළ, විළ්, වීනා, වුනා, වුනු, වූළ්, වෙණ, වෙන, වෙෂ්, වෙළ, වෙළූ, ශාඛ, ශිකා, ශිළා, ශුබ, ශූළ, ශේස, ශෛළ, ශෝඛ, ශෝඛී, ෂං, ෂංකු, ෂංඥා, ෂක, ෂකේ, ෂක්, ෂග, ෂතා, ෂතු, ෂදා, ෂපු, ෂම, ෂර, ෂරා, ෂරු, ෂරෝ, ෂල, ෂල්, ෂවි, ෂව්, ෂෂ, ෂහ, ෂළ, ෂළු, ෂා, ෂාද, ෂාදු, ෂාදූ, ෂාධු, ෂාය, ෂාර්, ෂාල, ෂාලි, ෂාවා, ෂැක, ෂැටි, ෂැඩ, ෂැණ, ෂැඬ, ෂැදූ, ෂැප, ෂැපූ, ෂැබෑ, ෂැර, ෂැල, ෂැල්, ෂෑම, ෂිංහ, ෂිට, ෂිටි, ෂිතු, ෂිත්, ෂිය, ෂියෝ, ෂිර, ෂිරි, ෂිල්, ෂිවු, ෂිව්, ෂිහි, ෂිළු, ෂී, ෂීටා, ෂීනි, ෂීමා, ෂීය, ෂීයා, ෂීර, ෂු, ෂුං, ෂුඟු, ෂුදු, ෂුනු, ෂුන්, ෂුප්, ෂුබ, ෂුභ, ෂුර, ෂුරා, ෂුරු, ෂුළු, ෂූමෝ, ෂූර, ෂෘජු, ෂෘණ, ෂෘෂි, ෂෙක්, ෂෙම, ෂෙම්, ෂෙල, ෂෙල්, ෂෙෂු, ෂේද, ෂේදූ, ෂේරා, ෂේවා, ෂොටු, ෂොඬ, ෂොඳ, ෂොමි, ෂොරා, ෂෝඛ්, ෂෝඩා, ෂෝෂ්, ෂෞර, ෂ්ව, සංඛු, සඛ, සඛේ, සඛ්, සල, සලු, සස, සහ්, සළ, සළ්, සාක, සාළ, සාළි, සැඛ, සැන, සැළ, සැළ්, සිඛා, සිර, සිලා, සිලු, සිළ්, සීණි, සුණු, සුණ්, සුබ, සුභ, සුලු, සූර, සූල, සෘංගී, සෘන, සෘසි, සෙඛ්, සෙළ, සෙළ්, සේෂ, සෛල, සෝක, සෝකී, සෝක්, ස්‍රී, හංෂ, හණ, හන, හල, හෂ, හළ, හාළ්, හැඛි, හැළ, හිෂ, හිෂ්, හිළ, හීණ, හීණ්, හීළ, හීළෑ, හුණ්, හුනු, හූණා, හෙල, හෙළ, හෙළෝ, හේළී, හෛණා, ළණු, ළද, ළබු, ළය, ළවා, ළළ, ළා, ළාටු, ළානෝ, ළාබ, ළාභ, ළාභී, ළාමා, ළාවා, ළැව්, ළෑම, ළිං, ළිත, ළිඳ, ළිප, ළී, ළීය, ළුණු, ළුහු, ළූනු, ළූව, ළෙඩ, ළෙඩ්, ළෙන, ළෙස, ළේ, ළේඛ, ළේනා, ළේළි, ළොකු, ළොඳ, ළොබ, ළොම්, ළොළ්, ළෝබ, ළෝභ, ළෝභී, ළෝම, ළෝහ, අංක, අංකෙ, අංගා, අංගි, අංගො, අංඟ, අංචි, අංඩ, අංත, සමා, සමි, සමීපේ, සමු, සමූ, සමෙ, සමේ, සමො, සම්, සය, සයේ, සයො, සරි, සරී, සරුපේ, සරේ, සරො, සර්, සර්‍ෘ, සලා, සලු, සලූ, සලෙ, සලේ, සව, සවී, සවු, සවෙ, සවේ, සෂා, සසා, සසි, සස්, සහා, සහි, සහේ, සහො, සහෝ, සළා, සාංකා, සාංග්, සාංචි, සාඋ, සාඕ, සාක, සාකි, සාක්, සාඛො, සාචී, සාජා, සාජි, සාට, සාටී, සාඩි, සාඩෝ, සාණ, සාණි, සාත, සාතා, සාති, සාතෝ, සාදා, සාදි, සාදුෟ, සාද්, සාධ, සාධා, සාන, සානා, සානු, සාන්, සාප, සාපෙ, සාපේදි, සාබා, සාබ්, සාම, සාමා, සාමි, සාමී, සාමෙ, සාමෝ, සාම්, සායා, සායි, සායෙ, සායේ, සාර, සාරා, සාරි, සාරු, සාරේ, සාලා, සාලී, සාලු, සාලෙ, සාලේ, සාල්, සාව, සාවෝ, සාෂා, සාෂේ, සාස, සාසි, සාස්, සාෆ්, සාහ, සාහි, සාහු, සාහූ, සාළු, සාැ්, සාෘජු, සැ, සැංග්, සැංඩ, සැකි, සැක්, සැග, සැඞ, සැඟ, සැඟැ, සැඟී, සැජ, සැට, සැට්, සැඩි, සැණේ, සැඬි, සැත, සැතපේ, සැත්, සැද, සැදැ, සැදෑ, සැදි, සැදී, සැදු, සැදේ, සැන, සැනෙ, සැනේ, සැන්, සැඳැ, සැඳෑ, සැඳි, සැඳී, සැපා, සැපී, සැපේදි, සැප්, සැබ, සැබා, සැබැ, සැබි, සැම, සැමා, සැමි, සැමී, සැම්, සැරි, සැරු, සැරූ, සැරේ, සැලි, සැලී, සැලු, සැලූ, සැලෙ, සැලේ, සැලෝ, සැව, සැවැ, සැවේ, සැවො, සැස, සැසි, සැස්, සැහ, සැහැ, සැහේ, සැළ, සැළි, සැළී, සෑ, සෑද, සෑදි, සෑදී, සෑදු, සෑදූ, සෑදේ, සෑන්, සෑඳෑ, සෑඳී, සෑඳු, සෑබෑ, සෑමේ, සෑම්, සෑය, සෑයේ, සෑර්, සෑව, සෑවා, සෑවෝ, සෑසි, සෑසී, සෑහි, සෑහී, සෑහේ, සෑෑම, සි, සිංගි, සිංගේ, සිංග්, සිංඤෙ, සිංඤො, සිංඤෝ, සිංට, සිංද, සිංදු, සිංදූ, සිංල, සිංලා, සික, සිකා, සිකි, සිකී, සික්, සිඛ, සිඛී, සිග, සිගා, සිගේ, සිග්, සිඟ, සිඟා, සිටා, සිටැ, සිටිි, සිටී, සිටු, සිට්, සිඩීි, සිණා, සිණි, සිත, සිතා, සිති, සිතී, සිතූ, සිතෙ, සිතේ, සිතෝ, සිද, සිදී, සිදු, සිදුු, සිදූ, සිද්, සිධ, සිධු, සින, සිනා, සිනි, සිනී, සිනෙ, සිනේ, සින්, සිඳ, සිඳැ, සිඳි, සිඳී, සිඳු, සිඳේ, සිප, සිපැ, සිපි, සිපී, සිප්, සිබ, සිබා, සිබි, සිබී, සිමා, සිමැි, සිමි, සිම්, සිඹ, සිඹී, සියා, සියැ, සියෑ, සියු, සියෙ, සියේ, සියො, සිරා, සිරී, සිරු, සිරෝ, සිල, සිලා, සිලි, සිලී, සිලු, සිලෙ, සිලේ, සිලෝ, සිව, සිවා, සිවි, සිවූ, සිස, සිසි, සිසී, සිසු, සිස්, සිහ, සිළ, සිළි, සිළූ, සිිටි, සිිත, සිිහි, සිීටී, සිුවූ, සි්ත, සීඊ, සීක, සීක්, සීග, සීටි, සීටී, සීට්, සීඩා, සීඩී, සීඩ්, සීණු, සීත, සීතා, සීති, සීතෙ, සීත්, සීද, සීදා, සීන, සීනා, සීනී, සීනු, සීනෙ, සීනේ, සීන්, සීපා, සීපී, සීම, සීම්, සීඹා, සීයෙ, සීයේ, සීරා, සීරි, සීරී, සීරු, සීරූ, සීරෝ, සීල, සීලා, සීලි, සීලී, සීලෙ, සීලේ, සීල්, සීව, සීවී, සීවේ, සීස, සීසා, සීසි, සීසී, සීස්, සීහ, සීහි, සීහේ, සීහෝ, සීිනි, සීිමා, සීිරු, සීිල, සුංග, සුංග්, සුංව, සුඑ, සුඒ, සුක, සුකී, සුඛ, සුඛා, සුඛෝ, සුග, සුගී, සුඟ, සුච, සුචි, සුචී, සුඡි, සුජා, සුජී, සුට, සුටා, සුටු, සුට්, සුණ, සුණා, සුණි, සුණු, සුණූ, සුණේ, සුත, සුතා, සුති, සුතේ, සුතෝ, සුත්, සුද, සුදා, සුදූ, සුදේ, සුදෝ, සුධ, සුධා, සුධී, සුන, සුනි, සුනු්, සුනේ, සුඳාු, සුඳු, සුප, සුපු, සුපූ, සුපේමි, සුඵ, සුබා, සුබො, සුභා, සුමා, සුමි, සුමු, සුමො, සුම්, සුයි, සුරැ, සුරි, සුරූ, සුරෙ, සුරො, සුල, සුලි, සුලු, සුලූ, සුලූු, සුව, සුවා, සුවි, සුවේ, සුව්, සුසි, සුසු, සුසූ, සුස්, සුෆා, සුහ, සුහෙ, සුළ, සුළැ, සුළි, සූ, සූකි, සූකී, සූචි, සූජූ, සූට්, සූත, සූදා, සූදු, සූනු, සූන්, සූප, සූපෙ, සූම, සූරා, සූරි, සූරී, සූර්, සූල, සූලා, සූසා, සූසූ, සූස්, සූළා, සෘ, සෘග්, සෘඞ්, සෘඡු, සෘජූ, සෘඬි, සෘත, සෘතු, සෘතෙෘ, සෘධි, සෘන, සෘෂී, සෘසි, සෙ, සෙඅමි, සෙක, සෙකි, සෙට, සෙට්, සෙණ, සෙණි, සෙණු, සෙණ්, සෙත, සෙතා, සෙති, සෙතේ, සෙත්, සෙථ, සෙද, සෙදො, සෙදෝ, සෙන, සෙනා, සෙනි, සෙනු, සෙනෙ, සෙනේ, සෙන්, සෙඳ, සෙබ, සෙබා, සෙබෙ, සෙබ්, සෙමි, සෙය, සෙයා, සෙයි, සෙයී, සෙය්, සෙර, සෙරා, සෙරි, සෙර්, සෙලි, සෙලී, සෙලු, සෙලො, සෙවා, සෙවි, සෙවී, සෙවු, සෙවූ, සෙව්, සෙස, සෙසා, සෙසූ, සෙසෙ, සෙසේ, සෙසො, සෙස්, සෙෆි, සෙෆේ, සෙහි, සෙහෙ, සෙළු, සෙි, සේ, සේක, සේකැ, සේකි, සේක්, සේඛ, සේගු, සේගේ, සේට, සේණ, සේත, සේති, සේතු, සේත්, සේදි, සේදී, සේදු, සේදො, සේදෝ, සේන, සේනා, සේන්, සේභ, සේම, සේමා, සේය, සේයා, සේයි, සේර, සේරි, සේරු, සේර්, සේල, සේලා, සේලෙ, සේලේ, සේල්, සේව, සේවි, සේවී, සේවේ, සේව්, සේස, සේහි, සේ්, සෛ, සෛට්, සෛල, සෛව, සෛෂෝ, සො, සොඕ, සොක, සොකු, සොකො, සොකෝ, සොඞ්, සොට්, සොඩ, සොණ, සොණා, සොඬා, සොඬු, සොඬේ, සොත, සොතා, සොතෝ, සොද, සොදා, සොධා, සොන, සොනී, සොනො, සොනෝ, සොන්, සොඳා, සොඳේ, සොපි, සොපී, සොඵ, සොබ, සොබා, සොබී, සොභ, සොභා, සොම, සොමී, සොය, සොයා, සොයි, සොයො, සොර, සොරි, සොරු, සොරෝ, සොලි, සොලී, සොලු, සොලූ, සොලේ, සොල්, සොව, සොවි, සොස, සොසී, සොසු, සොස්, සොහො, සොළි, සොළී, සෝ, සෝක, සෝකි, සෝකී, සෝකෙ, සෝකේ, සෝකො, සෝකෝ, සෝක්, සෝගා, සෝගෝ, සෝච, සෝචි, සෝජි, සෝජො, සෝඩ, සෝඩි, සෝණ, සෝණා, සෝණි, සෝත, සෝති, සෝතො, සෝතෝ, සෝද, සෝදා, සෝදු, සෝධා, සෝධි, සෝන, සෝනි, සෝන්, සෝපා, සෝප්, සෝඵ, සෝබා, සෝභා, සෝම, සෝමා, සෝමෙ, සෝමේ, සෝමෝ, සෝයා, සෝරා, සෝල, සෝලා, සෝලි, සෝලී, සෝලු, සෝලූ, සෝලෝ, සෝල්, සෝව, සෝෂි, සෝෂී, සෝස, සෝසා, සෝසො, සෝළි, සෞ, සෞදි, සෞසා, සෲ, ස්, ස්කී, ස්කු, ස්ඥා, ස්ටා, ස්ති, ස්තූ, ස්ථ, ස්ථා, ස්ථු, ස්ද, ස්දෙ, ස්නෝ, ස්පා, ස්පේක්, ස්පේස්, ස්ම, ස්මා, ස්‍ය, ස්‍ර, ස්වා, ස්වි, ස්ස, ස්සා, ස්සු, ස්සෙ, ස්ස්, ෆ, ෆගී, ෆටා, ෆන්, ෆයු, ෆර්, ෆලා, ෆල්, ෆා, ෆාටා, ෆාඩ්, ෆාන්, ෆාම්, ෆාර්, ෆාලා, ෆැට්, ෆැනේ, ෆෑන්, ෆි, ෆික්, ෆිචි, ෆිච්, ෆිජි, ෆිජී, ෆිඩෝ, ෆිනො, ෆින්, ෆිප්, ෆිරි, ෆිලෝ, ෆිල්, ෆිවි, ෆිෂ්, ෆීජි, ෆීට්, ෆීඩෝ, ෆීඩ්, ෆීන්, ෆීස්, ෆු, ෆුකෝ, ෆුටි, ෆුට්, ෆුඩ්, ෆුයි, ෆුල්, ෆූකෝ, ෆූජී, ෆූට්, ෆූණි, ෆූර්, ෆූල්, ෆෘ, ෆෘට්, ෆෙට්, ෆෙඩ්, ෆෙන්, ෆෙයි, ෆෙර්, ෆේගේ, ෆේට, ෆේල්, ෆේස්, ෆො, ෆොග්, ෆොටො, ෆොටෝ, ෆොඩ්, ෆොන්, ෆොමා, ෆොර්, ෆොලි, ෆෝ, ෆෝංක්, ෆෝඩ්, ෆෝන්, ෆෝම්, ෆෝර්, ෆෝල්, ෆෞෂේ, ෆ්, ෆ්‍රා, ෆ්‍රි, ෆ්‍රී, ෆ්ලෝ, ෆ්ෆු, හ, හංග, හංගා, හංදා, හංදි, හංසා, හඃඳැ, හඔා, හක, හකි, හකු, හක්, හග, හග්, හඞ, හඞා, හඞේ, හඞ්, හඟ, හඟි, හඟී, හඟු, හච, හජ්, හඤු, හටි, හටී, හටු, හට්, හඨ, හඩ, හඩා, හඩි, හඩේ, හණු, හඬා, හඬු, හඬෙ, හඬේ, හතා, හති, හතේ, හදා, හදැ, හදි, හදු, හදේ, හදෝ, හනා, හනි, හනු, හනෙ, හනේ, හන්, හඳී, හඳු, හඳේ, හප, හපා, හපි, හපු, හපේගේ, හපෝ, හපෝෟ, හප්, හප්පේ, හඵ, හඵි, හබ, හබ්, හභා, හම, හමා, හමි, හමූ, හමේ, හඹ, හඹා, හඹු, හයා, හයි, හයේ, හය්, හරා, හරී, හරු, හරුපේ, හරේ, හරෝ, හර්, හලා, හලු, හලූ, හලේ, හලො, හලෝ, හල්, හල්පේ, හව, හවා, හවු, හවුපේ, හවෙ, හවේ, හව්, හසා, හසී, හසු, හසුුු, හසූ, හසෙ, හසේ, හස්, හළා, හළු, හළේ, හළෝ, හාංසි, හාඕ, හාකි, හාජ්, හාට, හාට්, හාඩි, හාඩ්, හාති, හාත්, හාදු, හාන, හානා, හානි, හානී, හානු, හානේ, හාඳ, හාපු, හාපෝ, හාම, හාමි, හාමී, හාමූ, හාම්, හායි, හාර, හාරා, හාරි, හාරී, හාරේ, හාර්, හාල, හාලා, හාලි, හාලේ, හාලෝ, හාව, හාවි, හාවේ, හාවො, හාවෝ, හාවෝ්, හාෂා, හාස, හාසො, හාා, හා්, හැ, හැංගි, හැංගී, හැංගු, හැංගූ, හැංගේ, හැංඟි, හැංඟී, හැඍ, හැක, හැකැ, හැකෑ, හැකී, හැක්, හැග, හැගැ, හැගි, හැගී, හැගෙ, හැගේ, හැඟ, හැඟි, හැඟී, හැඟූ, හැඟෙ, හැඟේ, හැච්, හැජ්, හැටි, හැටිෟ, හැටී, හැටේ, හැට්, හැඩ, හැඩි, හැඩී, හැඩූ, හැඩේ, හැණි, හැඬ, හැඬි, හැඬී, හැඬු, හැඬූ, හැත, හැති, හැත්, හැද, හැදි, හැදී, හැදු, හැදූ, හැදේ, හැන, හැනි, හැනී, හැන්, හැඳ, හැඳැ, හැඳි, හැඳී, හැපි, හැපී, හැපූ, හැබැ, හැබෑ, හැබෝ, හැම, හැමා, හැමී, හැමු, හැමූ, හැමෝ, හැම්, හැඹී, හැයි, හැයී, හැරා, හැරැ, හැරි, හැරි්, හැරී"
Edit Distance,ගෝවිජන්,ගොවිජන,"ගොවිජන, දෙවියන්, බැවින්, විජය, විසන්, විසින්, හැලජන්, ගොවිජණ, විෂන්, විෂින්, හැළජන්, සර්ජන්, සවිමන්, සවියෙන්, සාජන්, සාර්ජන්, සැන්ජන්, සිවියෙන්, සිවිලින්, සුරංජන්, සොවින්, ස්විඩන්"
Edit Distance,දුර්ජන්,දූර්ජන,"දුර්ජන, දුර්ජණ, සර්ජන්, සාර්ජන්, ඌර්ජය, ජර්කින්, දුන්, දුරකින්, දුර්ගන්ධ, දුර්ගය, දුර්ජනයා, දුර්දාන්ත, දුර්බෝධ, දුර්මුඛ, දුර්ලභ, දුර්වල, දුරින්, පෝර්මන්, මෝර්ෆින්, සර්කෝන්, හැලජන්, ජර්ඛින්, දුරඛින්, දුර්ජණයා, දුර්මුක, දුර්ලබ, දුර්වළ, දුර්ළභ, ෂර්කෝන්, සර්ඛෝන්, හැළජන්, සර්කොන්, සර්ගෙන්, සර්ජන්ට්, සර්ජරි, සර්ජෝන්, සර්නෙන්, සර්න්, සර්වාන්, සර්ෆින්, සාජන්, සාර්ජන්ට්, සාර්ටන්, සාර්ඩින්, සැන්ජන්, සුරංජන්, සූර්යාන්, සොර්බොන්, සෝර්බෝන්, ෆර්හාන්, ෆොර්චූන්, ෆොර්මෙන්, ෆෝර්චූන්, ෆෝර්මන්, හර්න්, හර්මන්, හර්මාන්, හර්සන්, හාර්පීන්"
Edit Distance,පඩ,පඩි,"අඩ, ඉඩ, උඩ, කඩ, කුඩ, ගාඩ, ගුඩ, ගූඩ, ගොඩ, ජඩ, තුඩ, දඩ, දෘඩ, පච, පටු, පට, පඩය, පඩි, පණ, පත, පන්, පයි, පරා, පරි, පර, පල්, පලා, පල, පවා, පව, පස්, පසු, පස, පහු, පහේ, පහ, පාඩ, පිඩ, ප, බඩ, මඩ, මෝඩ, ලෙඩ, වැඩ, සැඩ, ඛඩ, ඛුඩ, පණ්, පන, පෂ, පෂු, පෂ්, පළ, පළා, පළ්, ෂැඩ, ළෙඩ, අංඩ, සැංඩ, සොඩ, සෝඩ, හඩ, හැඩ, අංග, අංශු, අංශ, අග, අඟ, අජ, අඥ, අට, අඩක්, අඩය, අඩි, අඩු, අණු, අණ, අත්, අති, අත, අද, අධි, අන්, අනේ, අපට, අපර, අපල, අපා, අපි, අපේ, අප, අබිං, අබ, අමු, අඹ, අය, අර, අලි, අලු, අල, අවැඩ, අව, අහං, අහ්, අහා, අහෝ, අළු, ආදි, ආදී, ආඳා, ආපසු, ආයා, ආර, ආවා, ඇගේ, ඇඟ, ඇට, ඇණ, ඇතා, ඇති, ඇද, ඇඳි, ඇඳ, ඇපය, ඇපල්, ඇම, ඇයි, ඇය, ඇල, ඇස, ඇළ, ඈත, ඈඳූ, ඈයා, ඈ, ඉඟි, ඉඟ, ඉටි, ඉටු, ඉඩම, ඉතා, ඉදි, ඉපල්, ඉපල, ඉබේ, ඉම්, ඉම, ඉර, ඉව, ඉස, ඊයේ, ඊය, ඊරි, උක්, උකු, උගේ, උඩඟු, උඩට, උණ්ඩ, උණු, උණ, උනා, උපත, උපන්, උපරි, උප, උඹ, උරු, උර, උල්, උල, උස්, උස, උළු, ඌන, ඌම, ඌරා, ඌරු, ඌ, ඍජු, ඍණ, ඍතු, එක්, එක, එගොඩ, එපා, එබූ, එම, එයා, එය, එව්, එසේ, එහා, එහි, ඒකා, ඒක, ඒයි, ඒවා, ඒ, ඔටෝ, ඔත්, ඔද, ඔපය, ඔපලූ, ඔබේ, ඔබ, ඔයා, ඔය, ඔව්, ඔසු, ඔහු, ඔහෝ, ඕඩය, ඕන, ඕයි, ඕවා, කංසා, කජු, කටී, කටු, කට, කඩය, කඩල, කතු, කත, කථා, කදා, කදෝ, කන, කඳ, කපටි, කපට, කපණ, කපන, කපු, කප, කඹ, කය, කරා, කරු, කර, කලා, කව, කසා, කසු, කහ, කළා, කළු, කාකි, කාඩයා, කාඩි, කාණ, කාම, කාල, කාවා, කාසි, කැණ, කැත්, කැත, කැඳ, කැපා, කැල, කෑම, කෑලි, කෑවා, කියූ, කිරි, කිලි, කිස, කීප, කීම, කීර, කුජ, කුඩම, කුඩය, කුඩා, කුඩු, කුණු, කුණ, කුදු, කුරා, කුරු, කුර, කුළු, කුළ, කූට, කූඩය, කූපය, කූපේ, කූර, කූව, කෘශ, කෙච, කෙටි, කෙත, කෙඳි, කෙස්, කෙළි, කෙළ, කේජු, කේතු, කොකා, කොටා, කොට, කොණ, කොත, කොන, කොයි, කොරා, කොර, කොලු, කොස්, කොහා, කොහු, කොළ, කෝපය, කෝපි, කෝව, කෲර, ඛණ්ඩ, ඛර, ගංගා, ගංජා, ගඟ, ගජ, ගණ, ගත, ගඳ, ගම, ගරු, ගල, ගස, ගහ, ග්ලු, ග්ලූ, ගාඩ්, ගාල, ගැටේ, ගැති, ගැදි, ගැන, ගැබ්, ගැබ, ගැමා, ගැමි, ගැයූ, ගැල, ගෑම, ගිජු, ගිම, ගියා, ගිය, ගිර, ගිහි, ගීය, ගුඩ්ඩ, ගුණ, ගුද, ගුරු, ගුල, ගුළු, ගුළ, ගූඪ, ගෘහ, ගෙපළ, ගෙරි, ගෙල, ගෙළ, ගොඩක්, ගොඩට, ගොඩේ, ගොත, ගොනා, ගොම, ගොයා, ගොර, ගොස්, ගොළු, ගෝනා, ගෝපී, ගෝවා, ගෞරී, ඝන, ඝාත්, ඝෝර, ඝෝ, චණ්ඩ, චතු, චන්ඩ, චපල, චහ්, චාටු, චාන්, චාපය, චාම්, චීටා, චීනා, චීස්, චුත, චුල, චූටි, ඡායා, ජඩයා, ජන, ජය, ජරා, ජාන, ජායා, ජෑම්, ජෑස්, ජින්, ජීවි, ජීව, ජූල, ජෙල්, ජෙලි, ජේඩ්, ජෛව, ජෝඩු, ඥාති, ටඹ, ටැඹ, ටික, ටින්, ටේපය, ට, ඩංඩුං, ඩැමා, ඩිංග, ණය, තකා, තටු, තඩි, තණ, තත්, තතු, තත, තද, තනි, තපස, තමා, තම, තඹ, තර, තලා, තල, තව, තළා, ත්‍රි, ත්, තාක්, තාගේ, තාදි, තාපය, තාප, තාර, තා, තැත, තැන්, තැනූ, තැන, තෑගි, තිත්, තිත, තිර, තිහ, තීටා, තීරු, තීර, තුටු, තුන්, තුනී, තුන, තුඹ, තුරු, තුර, තුල, තුසී, තුළ, තූල, තූ, තෘණ, තෙක්, තෙත්, තෙත, තෙද, තෙපත, තෙපා, තෙපි, තෙම, තෙර, තෙල්, තෙල, තෙසු, තේජෝ, තේරූ, තොග, තොටු, තොට, තොර, තොල, තෝ, දඟ, දඩය, දණ්ඩ, දත්, දතේ, දත, දද, දන්, දප, දඹ, දරු, දර, දල, දළ, ද්වි, දාන, දාසී, දාස, දා, දැක, දැඩි, දැන්, දැලි, දැල, දැව, දැළ, දිගු, දිගේ, දිග, දිනූ, දිපද, දිය, දිරූ, දිවා, දිව, දිශා, දි, දීන, දීම, දී, දුක්, දුක, දුගී, දුටු, දුන්, දුපත, දුම්, දුම, දුරු, දුර, දුලි, දුව, දූත, දූපත, දෙක, දෙටු, දෙණ, දෙන, දෙපට, දෙපද, දෙපස, දෙපා, දෙය, දෙල්, දෙස, දෙහි, දෙ, දේපල, දේපළ, දේය, දේවී, දේව, දොඩම්, දොර, දොස්, දොළ, දෝෂ, ද, ධජ, ධණ, ධන, ධර, ධාතු, ධීර, ධුර, ධූප, නට, නඩය, නතු, නද, නන්, නඳ, නම්, නම, නයා, නය, නර, නල, නව, නළ, නාඩි, නානු, නාභි, නාභී, නා, නැගි, නැති, නැත, නැනෝ, නැබ, නැව, නැහැ, නෑනා, නෑම, නෑයා, නෑවූ, නිකං, නිගූඩ, නිජ, නිති, නිපා, නිභ, නිමි, නිම, නියං, නිය, නිරූඩ, නිල, නිසා, නිසි, නිහ්, නි, නීච, නීති, නීර, නී, නුඹ, නූඩල්, නූපන්, නූල, නෙත, නොපමා, නොවේ, නොව, නෝනා, නෞකා, පංති, පගාව, පචය, පච්ච, පජර, පජුර, පඤ්ච, පටන්, පටය, පටල, පට්ට, පටිය, පටුන, පටුව, පඩව්ව, පඩිය, පණහ, පණුවා, පතන, පතර, පතල්, පතල, පතහ, පතළ, පත්ත, පත්ල, පතුරු, පතුර, පතුල, පතොක්, පතෝල, පථය, පථ්‍ය, පදම, පදය, පදිංචි, පනත, පන්න, පනාව, පඳුරු, පඳුර, පපුව, පබල, පබළු, පමණ, පමාවූ, පමාව, පමිස්, පඹයා, පයිංඩය, පයිසා, පරංගි, පරණ, පරම, පරයා, පරය, පරලු, පරහ, පරළු, පරාග, පරිදි, පරුෂ, පරොස්, පලම්, පලයං, පලය, පලස, පල්ලා, පලාත්, පලාත, පලිහ, පලුදු, පලුව, පව්ව, පවිටු, පවුම්, පවුම, පවුර, පවුල්, පවුල, පශ්ච, පසක්, පසර, පසල්, පස්වැඩ, පස්සේ, පසුරු, පසුර, පසුවූ, පසුව, පසෙක, පසෙහි, පහණ, පහත්, පහත, පහන, පහර, පහසු, පහස, පහළ, පහුර, පළන, පළමු, පළල්, පළල, පළාත, පළිය, පළිහ, පළොල්, පාකඩ, පාට, පාඩම, පාණ, පාත, පාදු, පාද, පාන්, පානු, පාපය, පාපී, පාර, පාලු, පාසා, පාසි, පාහේ, පාළු, පැංචා, පැකෝ, පැණි, පැති, පැතූ, පැය, පැල, පැස, පැළ, පෑන, පිං, පිකෝ, පිටි, පිට, පිඩලි, පිතෘ, පිත, පින්, පිනි, පින, පිප්, පිපි, පිඹි, පියා, පිය, පිරි, පිල්, පිල, පිසූ, පිළ, පීට්, පීඩන, පීඩා, පුංචි, පුං, පුතා, පුන්, පුන, පුරං, පුරා, පුර, පුල්, පුස්, පුහු, පූමා, පූයා, පූරි, පූසා, පෙණ, පෙති, පෙත, පෙඳි, පෙඳ, පෙර, පෙළ, පේකඩ, පේර, පේශි, පේශී, පේසා, පොටි, පොට, පොඩි, පොත, පොදු, පොද, පොරි, පොල්, පොළී, පොළ, පෝර, පෝල, පෝෂී, පෞත, ඵල, බංටු, බට, බඩය, බඩු, බණ, බත්, බඳු, බඳ, බබා, බඹ, බය, බර, බලු, බව, බස, බහි, බහු, බාට්, බාධා, බානු, බාන, බාම්, බාල, බාස්, බාහු, බැංකු, බැට, බැදි, බැඳි, බැම, බැරි, බැර, බැව්, බැහැ, බෑග, බෑණා, බෑය, බෑර, බික, බිඳ, බිම, බිය, බිරු, බිල, බිසි, බිහි, බීජ, බීම, බීර, බුදි, බුද, බුව, බුහු, බූත, බූරු, බූව, බෙරි, බෙර, බෙලි, බෙල, බොඳ, බොරු, බොර, බොල්, බොලාඩ, බොස්, බොහෝ, බෝංචි, බෝග, බෝඩ්, භය, භාග, භාණ්ඩ, භීම, භීරු, භූමි, භූ, භේරී, භෝග, භෞම, මංකඩ, මගේ, මඟ, මඩම, මත්, මතු, මත, මදි, මදු, මද, මධු, මන්, මනෝ, මන, මඳෑ, මඳ, මම, මරු, මල්, මල, මව්, මස්, මහා, මහී, මහ, මළ, මාංචු, මාංශ, මාංස, මාතෘ, මාත, මානී, මාන, මාපක, මාපට, මාමා, මායා, මාරු, මාලා, මාලු, මාෂ, මාළු, මා, මැක්, මැටි, මැඩලු, මැද, මැයි, මැර, මැලි, මැළි, මැළ, මෑත, මිංව, මිටි, මිට, මිණි, මිදි, මිමි, මිය, මිල, මිස, මිහි, මීට, මීයා, මීය, මුඛ, මුඩු, මුදු, මුනි, මුර, මුල්, මුල, මුවා, මුව, මුසු, මුස, මුහු, මුහ, මුළු, මුළ, මූන, මූල, මෘග, මෘදු, මෙකී, මෙන්, මෙය, මෙර, මෙසේ, මෙහි, මෙහේ, මේක, මේඝ, මේද, මේරූ, මේවා, මේෂ, මේස්, මේ, මොක්, මොඩම්, මොද, මොන, මොබ, මොළ, මෝඝ, මෝඩයා, මෝය, මෝරා, මෝරු, මෝල්, මෝලා, මෝල, යකඩ, යකා, යටි, යට, යති, යත, යථා, යන, යපස්, යමා, යව, යස, යළි, යාම, යාය, යාව, යාළු, යුග, යුතු, යුරු, යුෂ, යුහු, යූපය, යෙටී, යෙන්, යොත, යෝග, යෝධ, යෝනි, රජු, රජ, රට, රති, රතු, රද, රන්, රයි, රස, රළු, රළ, රාගී, රාජ, රාණි, රාබු, රා, රැඩය, රැඳි, රැමී, රැය, රැලි, රැල, රැස්, රැස, රැළි, රැළ, රිට, රිණ, රිදී, රිසි, රීති, රුක්, රුක, රුපු, රුලං, රුව, රුසි, රූකඩ, රූජ්, රූපක, රූපය, රූපී, රූප, රූල, රූ, රෙදි, රේඛා, රේණු, රොටී, රොඩු, රොද, රොන්, රොබෝ, රොඹ, රොස්, රෝගී, රෝග, රෝපණ, රෝම, රෝල්, රෝල, රෝස, ර, ලණු, ලද, ලපය, ලබු, ලය, ලල, ලවා, ලාකඩ, ලාටු, ලාඩම්, ලාඩම, ලානෝ, ලාබ, ලාභී, ලාභ, ලාමා, ලාවා, ලා, ලැව්, ලෑම, ලිං, ලිත, ලිඳ, ලිප, ලීය, ලී, ලුණු, ලුපය, ලුහු, ලූනු, ලූව, ලෙඩ්, ලෙන, ලෙස, ලේඛ, ලේනා, ලේපය, ලේලි, ලේ, ලොකු, ලොඳ, ලොබ, ලොම්, ලොල්, ලෝකඩ, ලෝපත, ලෝපය, ලෝපස්, ලෝබ, ලෝභී, ලෝභ, ලෝම, ලෝහ, වංක, වක්, වක, වගේ, වටා, වටු, වටේ, වට, වඩා, වණ, වත්, වත, වද, වනු, වන, වඳ, වපර, වම්, වමේ, වල්, වලා, වල, වස්, වසා, වස, වහ්, වහා, වළං, වළ, වාංගු, වාගේ, වාච, වාටි, වාණ, වාද, වානේ, වාපත, වාම, වායු, වාර, වාලේ, වාස්, වාසි, වැට, වැඩය, වැඩි, වැඩේ, වැනි, වැය, වැලි, වැල, වැව, වැසි, වැසූ, වෑය, විඥ, විටි, විටෙ, විට, විත්, විත, විදි, විදු, විධි, විනා, විනේ, විපත, වියා, විරූ, විල්, විල, විෂ, විසි, විස, වි, වීජ, වීණා, වීම, වීර, වී, වුණා, වුණු, වුත්, වූල්, වූ, වෙඩරු, වෙණ, වෙති, වෙත, වෙන, වෙබ්, වෙමු, වෙලූ, වෙල, වෙස්, වේගී, වේයා, වේයෝ, වෛධ, වෛරී, වොට්, වෝඩන්, ශශ, ශ්‍රී, ශාක, ශාපය, ශිඛා, ශිර, ශිලා, ශුභ, ශූර, ශූල, ශෘංගී, ශේෂ, ශෛල, ශෝකී, ශෝක, ෂහ්, ෂෝක්, සංකඩ, සංකු, සංඥා, සං, සක්, සකේ, සක, සග, සතා, සතු, සදා, සපන, සපල, සපු, සම, සරා, සරු, සරෝ, සර, සල්, සල, සව්, සවි, සස, සහ, සළු, සළ, ස්ව, සාදු, සාදූ, සාද, සාධු, සාපය, සාය, සාර්, සාලි, සාල, සාවා, සා, සැක, සැටි, සැණ, සැඬ, සැදූ, සැපය, සැපූ, සැප, සැබෑ, සැර, සැල්, සැල, සෑම, සිංහ, සිටි, සිට, සිත්, සිතු, සිපයි, සියෝ, සිය, සිරි, සිර, සිල්, සිව්, සිවු, සිහි, සිළු, සීටා, සීනි, සීමා, සීයා, සීය, සීර, සී, සුං, සුඟු, සුදු, සුන්, සුනු, සුප්, සුබ, සුභ, සුරා, සුරු, සුර, සුළු, සු, සූපය, සූමෝ, සූර, සෘජු, සෘණ, සෘෂි, සෙක්, සෙබඩ, සෙම්, සෙම, සෙල්, සෙල, සෙසු, සේදූ, සේද, සේරා, සේවා, සොටු, සොඬ, සොඳ, සොමි, සොරා, සෝඩා, සෝස්, සෞර, හ֭ුරා, හංකඩ, හංස, හට, හඩු, හණ, හඬ, හත්, හතු, හත, හද, හන, හඳ, හපන්, හපනා, හපය, හම්, හමු, හය, හරි, හර, හල, හස, හහ්, හහා, හළ, හාද, හාමු, හාල්, හාවා, හා, හැකි, හැට, හැඩය, හැර, හැල, හැව, හෑම, හිඟු, හිඟ, හිටි, හිඩස, හිත, හිමි, හිම, හිරු, හිර, හිල, හිවි, හිස්, හිස, හි, හීන්, හීන, හීය, හීලෑ, හීල, හුඟ, හුණු, හුදු, හුන්, හුරු, හූනා, හූව, හූ, හෙට, හෙබ, හෙලෝ, හෙල, හෙළ, හේඌ, හේතු, හේලී, හෛනා, හොත්, හොදි, හොඳ, හොරා, හොරි, හොරු, හොර, හෝකඩ, හෝමො, හෝයි, හෝවු, හෝ, ළංව, ළඟ, ළපටි, ළය, ළැදි, අංස, අංසු, අඩඛ්, අණේ, අණ්, අන, අනු, අපළ, අලු, අළ, අළි, අළු, ආඩය, ආපෂු, ඇන, ඇපළ්, ඇල, ඇෂ, ඇළ, ඉපළ, ඉපළ්, ඉෂ, උඛු, උඛ්, උණා, උන, උනු, උන්ඩ, උපණ්, උලු, උෂ, උෂ්, උළ, උළ්, ඌණ, ඍන, එඛ, එඛ්, එෂේ, ඒඛ, ඒඛා, ඔපළූ, ඔෂු, ඕණ, කංෂා, කඩළ, කණ, කණ්ඩ, කපණ, කපන, කර, කලා, කලු, කෂා, කෂු, කළා, කාන, කාෂි, කාළ, කැන, කැළ, කෑළි, කිෂ, කිළි, කුන, කුනු, කුල, කුලු, කෘස, කෙල, කෙලි, කෙෂ්, කොණ, කොන, කොල, කොෂ්, කොළු, ඛංසා, ඛජු, ඛට, ඛටී, ඛටු, ඛඩය, ඛඩල, ඛත, ඛතු, ඛථා, ඛදා, ඛදෝ, ඛන, ඛන්ඩ, ඛඳ, ඛප, ඛපට, ඛපටි, ඛපණ, ඛපන, ඛපු, ඛඹ, ඛය, ඛර, ඛරා, ඛරු, ඛලා, ඛව, ඛසා, ඛසු, ඛහ, ඛළා, ඛළු, ඛාඛි, ඛාඩයා, ඛාඩි, ඛාණ, ඛාම, ඛාල, ඛාවා, ඛාසි, ඛැණ, ඛැත, ඛැත්, ඛැඳ, ඛැපා, ඛැල, ඛෑම, ඛෑලි, ඛෑවා, ඛියූ, ඛිරි, ඛිලි, ඛිස, ඛීප, ඛීම, ඛීර, ඛුජ, ඛුඩම, ඛුඩය, ඛුඩා, ඛුඩු, ඛුණ, ඛුණු, ඛුදු, ඛුර, ඛුරා, ඛුරු, ඛුළ, ඛුළු, ඛූට, ඛූඩය, ඛූපය, ඛූපේ, ඛූර, ඛූව, ඛෘශ, ඛෙච, ඛෙටි, ඛෙත, ඛෙඳි, ඛෙස්, ඛෙළ, ඛෙළි, ඛේජු, ඛේතු, ඛොඛා, ඛොට, ඛොටා, ඛොණ, ඛොත, ඛොන, ඛොයි, ඛොර, ඛොරා, ඛොලු, ඛොස්, ඛොහා, ඛොහු, ඛොළ, ඛෝපය, ඛෝපි, ඛෝව, ඛෲර, ගන, ගෂ, ගළ, ගාළ, ගැණ, ගැළ, ගුන, ගුල, ගුලු, ගුළ, ගෙපල, ගෙල, ගෙළ, ගොඩඛ්, ගොණා, ගොලු, ගොෂ්, ගෝණා, ග්ළු, ග්ළූ, ඝණ, චණ්ඩ, චන්ඩ, චපළ, චාණ්, චීණා, චීෂ්, චුළ, ජණ, ජාණ, ජෑෂ්, ජිණ්, ජූළ, ජෙළි, ජෙළ්, ටිඛ, ටිණ්, ණට, ණඩය, ණණ්, ණතු, ණද, ණඳ, ණම, ණම්, ණය, ණයා, ණර, ණල, ණව, ණළ, ණා, ණාඩි, ණාණු, ණාභි, ණාභී, ණැගි, ණැණෝ, ණැත, ණැති, ණැබ, ණැව, ණැහැ, ණෑණා, ණෑම, ණෑයා, ණෑවූ, ණි, ණිකං, ණිගූඩ, ණිජ, ණිති, ණිපා, ණිභ, ණිම, ණිමි, ණිය, ණියං, ණිරූඩ, ණිල, ණිසා, ණිසි, ණිහ්, ණී, ණීච, ණීති, ණීර, ණුඹ, ණූඩල්, ණූපණ්, ණූල, ණෙත, ණොපමා, ණොව, ණොවේ, ණෝණා, ණෞකා, තඛා, තණි, තන, තපෂ, තලා, තළ, තළා, තාඛ්, තැණ, තැණූ, තැණ්, තුණ, තුණී, තුණ්, තුල, තුෂී, තුළ, තූළ, තෘන, තෙඛ්, තෙෂු, තෙළ, තෙළ්, තොළ, දණ්, දන්ඩ, දල, දළ, දාණ, දාෂ, දාෂී, දැඛ, දැණ්, දැල, දැළ, දැළි, දිණූ, දිසා, දීණ, දුඛ, දුඛ්, දුණ්, දුළි, දෙඛ, දෙණ, දෙන, දෙපෂ, දෙෂ, දෙළ්, දේපල, දේපළ, දොල, දොෂ්, දෝස, ධණ, ධන, නය, නල, නළ, නාබි, නාබී, නිඛං, නිබ, නිෂා, නිෂි, නිළ, නූඩළ්, නූළ, නෞඛා, පටණ්, පටළ, පටුණ, පණත, පණාව, පණ්ණ, පතණ, පතල, පතළ, පතළ්, පතුළ, පතොඛ්, පතෝළ, පත්ළ, පථය, පනහ, පනුවා, පබලු, පබළ, පමන, පමිෂ්, පයිෂා, පරන, පරලු, පරළු, පරුස, පරොෂ්, පලන, පලමු, පලල, පලල්, පලෂ, පලාත, පලිය, පලිහ, පලොල්, පවුළ, පවුළ්, පෂක්, පෂර, පෂල්, පෂුර, පෂුරු, පෂුව, පෂුවූ, පෂෙක, පෂෙහි, පෂ්වැඩ, පෂ්ෂේ, පසඛ්, පසළ්, පසෙඛ, පස්ච, පහණ, පහන, පහල, පහෂ, පහෂු, පළණ, පළම්, පළය, පළයං, පළස, පළළ, පළළ්, පළාත, පළාත්, පළිහ, පළුදු, පළුව, පළොළ්, පළ්ළා, පාඛඩ, පාණු, පාණ්, පාන, පාලු, පාෂා, පාෂි, පාළු, පැඛෝ, පැනි, පැල, පැෂ, පැළ, පෑණ, පිඛෝ, පිඩළි, පිණ, පිණි, පිණ්, පිල, පිෂූ, පිළ, පිළ්, පීඩණ, පුණ, පුණ්, පුෂ්, පුළ්, පූෂා, පෙන, පෙල, පේඛඩ, පේෂා, පේසි, පේසී, පොල, පොලී, පොළ්, පෝසී, පෝළ, ඵළ, බන, බය, බෂ, බළු, බාග, බාණ, බාණු, බාණ්ඩ, බාෂ්, බාළ, බැංඛු, බෑනා, බිඛ, බිෂි, බිළ, බීම, බීරු, බූ, බූමි, බෙළ, බෙළි, බේරී, බොෂ්, බොළාඩ, බොළ්, බෝග, බෞම, භාන්ඩ, මංඛඩ, මණ, මණෝ, මණ්, මල, මෂ්, මළ, මළ්, මාංෂ, මාංස, මාණ, මාණී, මාපඛ, මාපය, මාලු, මාස, මාළා, මාළු, මැඛ්, මැඩළු, මැල, මැලි, මැළි, මිනි, මිෂ, මිළ, මුක, මුණි, මුල, මුලු, මුෂ, මුෂු, මුළ, මුළ්, මූණ, මූළ, මෙඛී, මෙණ්, මෙෂේ, මේඛ, මේෂ්, මේස, මොඛ්, මොණ, මොල, මෝළ, මෝළා, මෝළ්, යඛඩ, යඛා, යණ, යපෂ්, යලි, යෂ, යාලු, යුස, යෙණ්, යෝණි, රණ්, රල, රලු, රෂ, රානි, රැල, රැලි, රැෂ, රැෂ්, රැළ, රැළි, රින, රිෂි, රුඛ, රුඛ්, රුෂි, රුළං, රූඛඩ, රූපඛ, රූළ, රේකා, රේනු, රොණ්, රොෂ්, රෝපන, රෝෂ, රෝළ, රෝළ්, ලංව, ලඟ, ලනු, ලපටි, ලය, ලාඛඩ, ලාණෝ, ලාබ, ලාබී, ලැදි, ලුනු, ලූණු, ලෙණ, ලෙෂ, ලේක, ලේණා, ලොඛු, ලෝඛඩ, ලෝපෂ්, ලෝබ, ලෝබී, වංඛ, වඛ, වඛ්, වණ, වණු, වන, වල, වලං, වෂ, වෂා, වෂ්, වළ, වළා, වළ්, වාණේ, වාන, වාෂි, වාෂ්, වාළේ, වැණි, වැෂි, වැෂූ, වැළ, වැළි, විණා, විණේ, විෂ, විෂි, විස, විළ, විළ්, වීනා, වුනා, වුනු, වූළ්, වෙණ, වෙන, වෙෂ්, වෙළ, වෙළූ, වෝඩණ්, ශාඛ, ශිකා, ශිළා, ශුබ, ශූළ, ශේස, ශෛළ, ශෝඛ, ශෝඛී, ෂං, ෂංකඩ, ෂංකු, ෂංඥා, ෂක, ෂකේ, ෂක්, ෂග, ෂතා, ෂතු, ෂදා, ෂපන, ෂපල, ෂපු, ෂම, ෂර, ෂරා, ෂරු, ෂරෝ, ෂල, ෂල්, ෂවි, ෂව්, ෂෂ, ෂහ, ෂළ, ෂළු, ෂා, ෂාද, ෂාදු, ෂාදූ, ෂාධු, ෂාපය, ෂාය, ෂාර්, ෂාල, ෂාලි, ෂාවා, ෂැක, ෂැටි, ෂැණ, ෂැඬ, ෂැදූ, ෂැප, ෂැපය, ෂැපූ, ෂැබෑ, ෂැර, ෂැල, ෂැල්, ෂෑම, ෂිංහ, ෂිට, ෂිටි, ෂිතු, ෂිත්, ෂිපයි, ෂිය, ෂියෝ, ෂිර, ෂිරි, ෂිල්, ෂිවු, ෂිව්, ෂිහි, ෂිළු, ෂී, ෂීටා, ෂීනි, ෂීමා, ෂීය, ෂීයා, ෂීර, ෂු, ෂුං, ෂුඟු, ෂුදු, ෂුනු, ෂුන්, ෂුප්, ෂුබ, ෂුභ, ෂුර, ෂුරා, ෂුරු, ෂුළු, ෂූපය, ෂූමෝ, ෂූර, ෂෘජු, ෂෘණ, ෂෘෂි, ෂෙක්, ෂෙබඩ, ෂෙම, ෂෙම්, ෂෙල, ෂෙල්, ෂෙෂු, ෂේද, ෂේදූ, ෂේරා, ෂේවා, ෂොටු, ෂොඬ, ෂොඳ, ෂොමි, ෂොරා, ෂෝඛ්, ෂෝඩා, ෂෝෂ්, ෂෞර, ෂ්ව, සංඛඩ, සංඛු, සඛ, සඛේ, සඛ්, සපණ, සපළ, සල, සලු, සස, සහ්, සළ, සළ්, සාක, සාපය, සාළ, සාළි, සැඛ, සැන, සැළ, සැළ්, සිඛා, සිර, සිලා, සිලු, සිළ්, සීණි, සුණු, සුණ්, සුබ, සුභ, සුලු, සූර, සූල, සෘංගී, සෘන, සෘසි, සෙඛ්, සෙළ, සෙළ්, සේෂ, සෛල, සෝක, සෝකී, සෝක්, ස්‍රී, හංඛඩ, හංෂ, හණ, හන, හපණා, හපණ්, හල, හෂ, හළ, හාළ්, හැඛි, හැළ, හිඩෂ, හිෂ, හිෂ්, හිළ, හීණ, හීණ්, හීළ, හීළෑ, හුණ්, හුනු, හූණා, හෙල, හෙළ, හෙළෝ, හේළී, හෛණා, හෝඛඩ, ළණු, ළද, ළපය, ළබු, ළය, ළවා, ළළ, ළා, ළාකඩ, ළාටු, ළාඩම, ළාඩම්, ළානෝ, ළාබ, ළාභ, ළාභී, ළාමා, ළාවා, ළැව්, ළෑම, ළිං, ළිත, ළිඳ, ළිප, ළී, ළීය, ළුණු, ළුපය, ළුහු, ළූනු, ළූව, ළෙඩ්, ළෙන, ළෙස, ළේ, ළේඛ, ළේනා, ළේපය, ළේළි, ළොකු, ළොඳ, ළොබ, ළොම්, ළොළ්, ළෝකඩ, ළෝපත, ළෝපය, ළෝපස්, ළෝබ, ළෝභ, ළෝභී, ළෝම, ළෝහ, අංක, අංකඩ, අංකෙ, අංගා, අංගි, අංගො, අංගොඩ, අංඟ, අංචි, අංඩර, අංත, සමා, සමි, සමු, සමූ, සමෙ, සමේ, සමො, සම්, සය, සයේ, සයො, සරි, සරී, සරේ, සරො, සර්, සර්‍ෘ, සලා, සලු, සලූ, සලෙ, සලේ, සව, සවී, සවු, සවෙ, සවේ, සෂා, සසා, සසි, සස්, සහා, සහි, සහේ, සහො, සහෝ, සළා, සාංකා, සාංග්, සාංචි, සාඋ, සාඕ, සාක, සාකි, සාක්, සාඛො, සාචී, සාජා, සාජි, සාට, සාටී, සාඩි, සාඩෝ, සාණ, සාණි, සාත, සාතා, සාති, සාතෝ, සාදා, සාදි, සාදුෟ, සාද්, සාධ, සාධා, සාන, සානා, සානු, සාන්, සාප, සාපෙ, සාබා, සාබ්, සාම, සාමා, සාමි, සාමී, සාමෙ, සාමෝ, සාම්, සායා, සායි, සායෙ, සායේ, සාර, සාරා, සාරි, සාරු, සාරේ, සාලා, සාලී, සාලු, සාලෙ, සාලේ, සාල්, සාව, සාවෝ, සාෂා, සාෂේ, සාස, සාසි, සාස්, සාෆ්, සාහ, සාහි, සාහු, සාහූ, සාළු, සාැ්, සාෘජු, සැ, සැංග්, සැකි, සැක්, සැග, සැඞ, සැඟ, සැඟැ, සැඟී, සැජ, සැට, සැට්, සැඩි, සැණේ, සැඬි, සැත, සැත්, සැද, සැදැ, සැදෑ, සැදි, සැදී, සැදු, සැදේ, සැන, සැනෙ, සැනේ, සැන්, සැඳැ, සැඳෑ, සැඳි, සැඳී, සැපක, සැපකි, සැපක්, සැපට, සැපත, සැපතා, සැපතේ, සැපත්, සැපද, සැපදේ, සැපයි, සැපයී, සැපයු, සැපයූ, සැපයෙ, සැපයේ, සැපයෝ, සැපර්, සැපල, සැපවූ, සැපසේ, සැපස්, සැපා, සැපී, සැපේ, සැප්, සැබ, සැබා, සැබැ, සැබි, සැම, සැමා, සැමි, සැමී, සැම්, සැරි, සැරු, සැරූ, සැරේ, සැලි, සැලී, සැලු, සැලූ, සැලෙ, සැලේ, සැලෝ, සැව, සැවැ, සැවේ, සැවො, සැස, සැසි, සැස්, සැහ, සැහැ, සැහේ, සැළ, සැළි, සැළී, සෑ, සෑද, සෑදි, සෑදී, සෑදු, සෑදූ, සෑදේ, සෑන්, සෑඳෑ, සෑඳී, සෑඳු, සෑබෑ, සෑමේ, සෑම්, සෑය, සෑයේ, සෑර්, සෑව, සෑවා, සෑවෝ, සෑසි, සෑසී, සෑහි, සෑහී, සෑහේ, සෑෑම, සි, සිංගි, සිංගේ, සිංග්, සිංඤෙ, සිංඤො, සිංඤෝ, සිංට, සිංද, සිංදු, සිංදූ, සිංල, සිංලා, සික, සිකා, සිකි, සිකී, සික්, සිඛ, සිඛී, සිග, සිගා, සිගේ, සිග්, සිඟ, සිඟා, සිටා, සිටැ, සිටිි, සිටී, සිටු, සිට්, සිඩීි, සිණා, සිණි, සිත, සිතා, සිති, සිතී, සිතූ, සිතෙ, සිතේ, සිතෝ, සිද, සිදී, සිදු, සිදුු, සිදූ, සිද්, සිධ, සිධු, සින, සිනා, සිනි, සිනී, සිනෙ, සිනේ, සින්, සිඳ, සිඳැ, සිඳි, සිඳී, සිඳු, සිඳේ, සිප, සිපප, සිපැ, සිපි, සිපී, සිප්, සිබ, සිබා, සිබි, සිබී, සිමා, සිමැි, සිමි, සිම්, සිඹ, සිඹී, සියා, සියැ, සියෑ, සියු, සියෙ, සියේ, සියො, සිරා, සිරී, සිරු, සිරෝ, සිල, සිලා, සිලි, සිලී, සිලු, සිලෙ, සිලේ, සිලෝ, සිව, සිවා, සිවි, සිවූ, සිස, සිසි, සිසී, සිසු, සිස්, සිහ, සිළ, සිළි, සිළූ, සිිටි, සිිත, සිිහි, සිීටී, සිුවූ, සි්ත, සීඊ, සීක, සීකඩ, සීක්, සීග, සීටි, සීටී, සීට්, සීඩර්, සීඩා, සීඩී, සීඩ්, සීණු, සීත, සීතා, සීති, සීතෙ, සීත්, සීද, සීදා, සීන, සීනා, සීනී, සීනු, සීනෙ, සීනේ, සීන්, සීපද, සීපල්, සීපා, සීපී, සීම, සීම්, සීඹා, සීයෙ, සීයේ, සීරා, සීරි, සීරී, සීරු, සීරූ, සීරෝ, සීල, සීලා, සීලි, සීලී, සීලෙ, සීලේ, සීල්, සීව, සීවී, සීවේ, සීස, සීසා, සීසි, සීසී, සීස්, සීහ, සීහි, සීහේ, සීහෝ, සීිනි, සීිමා, සීිරු, සීිල, සුංග, සුංග්, සුංව, සුඑ, සුඒ, සුක, සුකී, සුඛ, සුඛා, සුඛෝ, සුග, සුගී, සුඟ, සුච, සුචි, සුචී, සුඡි, සුජා, සුජී, සුට, සුටා, සුටු, සුට්, සුණ, සුණා, සුණි, සුණු, සුණූ, සුණේ, සුත, සුතා, සුති, සුතේ, සුතෝ, සුත්, සුද, සුදා, සුදූ, සුදේ, සුදෝ, සුධ, සුධා, සුධී, සුන, සුනි, සුනු්, සුනේ, සුඳාු, සුඳු, සුප, සුපක්, සුපති, සුපරා, සුපර්, සුපු, සුපූ, සුඵ, සුබා, සුබො, සුභා, සුමා, සුමි, සුමු, සුමො, සුම්, සුයි, සුරැ, සුරි, සුරූ, සුරෙ, සුරො, සුල, සුලි, සුලු, සුලූ, සුලූු, සුව, සුවා, සුවි, සුවේ, සුව්, සුසි, සුසු, සුසූ, සුස්, සුෆා, සුහ, සුහෙ, සුළ, සුළැ, සුළි, සූ, සූකි, සූකී, සූචි, සූජූ, සූට්, සූත, සූදා, සූදු, සූනු, සූන්, සූප, සූපම, සූපෙ, සූම, සූරා, සූරි, සූරී, සූර්, සූල, සූලා, සූසා, සූසූ, සූස්, සූළා, සෘ, සෘග්, සෘඞ්, සෘඡු, සෘජූ, සෘඬි, සෘත, සෘතු, සෘතෙෘ, සෘධි, සෘන, සෘෂී, සෘසි, සෙ, සෙක, සෙකි, සෙට, සෙට්, සෙණ, සෙණි, සෙණු, සෙණ්, සෙත, සෙතා, සෙති, සෙතේ, සෙත්, සෙථ, සෙද, සෙදො, සෙදෝ, සෙන, සෙනා, සෙනි, සෙනු, සෙනෙ, සෙනේ, සෙන්, සෙඳ, සෙබ, සෙබා, සෙබෙ, සෙබ්, සෙමි, සෙය, සෙයා, සෙයි, සෙයී, සෙය්, සෙර, සෙරා, සෙරි, සෙර්, සෙලි, සෙලී, සෙලු, සෙලො, සෙවා, සෙවි, සෙවී, සෙවු, සෙවූ, සෙව්, සෙස, සෙසා, සෙසූ, සෙසෙ, සෙසේ, සෙසො, සෙස්, සෙෆි, සෙෆේ, සෙහි, සෙහෙ, සෙළු, සෙි, සේ, සේක, සේකඩ, සේකැ, සේකි, සේක්, සේඛ, සේගු, සේගේ, සේට, සේණ, සේත, සේති, සේතු, සේත්, සේදි, සේදී, සේදු, සේදො, සේදෝ, සේන, සේනා, සේන්, සේභ, සේම, සේමා, සේය, සේයා, සේයි, සේර, සේරි, සේරු, සේර්, සේල, සේලා, සේලෙ, සේලේ, සේල්, සේව, සේවි, සේවී, සේවේ, සේව්, සේස, සේහි, සේ්, සෛ, සෛට්, සෛල, සෛව, සෛෂෝ, සො, සොඕ, සොක, සොකු, සොකො, සොකෝ, සොඞ්, සොට්, සොඩය, සොණ, සොණා, සොණ්ඩ, සොඬා, සොඬු, සොඬේ, සොත, සොතා, සොතෝ, සොද, සොදා, සොධා, සොන, සොනී, සොනො, සොනෝ, සොන්, සොඳා, සොඳේ, සොපප, සොපි, සොපී, සොඵ, සොබ, සොබා, සොබී, සොභ, සොභා, සොම, සොමී, සොය, සොයා, සොයි, සොයො, සොර, සොරි, සොරු, සොරෝ, සොලි, සොලී, සොලු, සොලූ, සොලේ, සොල්, සොව, සොවි, සොස, සොසී, සොසු, සොස්, සොහො, සොළි, සොළී, සෝ, සෝක, සෝකි, සෝකී, සෝකෙ, සෝකේ, සෝකො, සෝකෝ, සෝක්, සෝගා, සෝගෝ, සෝච, සෝචි, සෝජි, සෝජො, සෝඩි, සෝණ, සෝණා, සෝණි, සෝත, සෝති, සෝතො, සෝතෝ, සෝද, සෝදා, සෝදු, සෝධා, සෝධි, සෝන, සෝනි, සෝන්, සෝපා, සෝප්, සෝඵ, සෝබා, සෝභා, සෝම, සෝමා, සෝමෙ, සෝමේ, සෝමෝ, සෝයා, සෝරා, සෝල, සෝලා, සෝලි, සෝලී, සෝලු, සෝලූ, සෝලෝ, සෝල්, සෝව, සෝෂි, සෝෂී, සෝස, සෝසා, සෝසො, සෝළි, සෞ, සෞදි, සෞසා, සෲ, ස්, ස්කී, ස්කු, ස්ඥා, ස්ටා, ස්ති, ස්තූ, ස්ථ, ස්ථා, ස්ථු, ස්ද, ස්දෙ, ස්නෝ, ස්පා, ස්ම, ස්මා, ස්‍ය, ස්‍ර, ස්වා, ස්වි, ස්ස, ස්සා, ස්සු, ස්සෙ, ස්ස්, ෆ, ෆගී, ෆටා, ෆන්, ෆයු, ෆර්, ෆලා, ෆල්, ෆා, ෆාටා, ෆාඩ්, ෆාන්, ෆාම්, ෆාර්, ෆාලා, ෆැට්, ෆැනේ, ෆෑන්, ෆි, ෆික්, ෆිචි, ෆිච්, ෆිජි, ෆිජී, ෆිඩෝ, ෆිනො, ෆින්, ෆිප්, ෆිරි, ෆිලෝ, ෆිල්, ෆිවි, ෆිෂ්, ෆීජි, ෆීට්, ෆීඩෝ, ෆීඩ්, ෆීන්, ෆීස්, ෆු, ෆුකෝ, ෆුටි, ෆුට්, ෆුඩ්, ෆුයි, ෆුල්, ෆූකෝ, ෆූජී, ෆූට්, ෆූණි, ෆූර්, ෆූල්, ෆෘ, ෆෘට්, ෆෙට්, ෆෙඩ්, ෆෙන්, ෆෙයි, ෆෙර්, ෆේගේ, ෆේට, ෆේල්, ෆේස්, ෆො, ෆොග්, ෆොටො, ෆොටෝ, ෆොඩ්, ෆොන්, ෆොමා, ෆොර්, ෆොලි, ෆෝ, ෆෝංක්, ෆෝඩ්, ෆෝන්, ෆෝම්, ෆෝර්, ෆෝල්, ෆෞෂේ, ෆ්, ෆ්‍රා, ෆ්‍රි, ෆ්‍රී, ෆ්ලෝ, ෆ්ෆු, හ, හංග, හංගා, හංදා, හංදි, හංසා, හඃඳැ, හඔා, හක, හකි, හකු, හක්, හග, හග්, හඞ, හඞා, හඞේ, හඞ්, හඟ, හඟි, හඟී, හඟු, හච, හජ්, හඤු, හටි, හටී, හටු, හට්, හඨ, හඩක, හඩකි, හඩක්, හඩඟා, හඩට, හඩති, හඩත්, හඩදී, හඩන, හඩයි, හඩලා, හඩා, හඩි, හඩේ, හණු, හඬා, හඬු, හඬෙ, හඬේ, හතා, හති, හතේ, හදා, හදැ, හදි, හදු, හදේ, හදෝ, හනා, හනි, හනු, හනෙ, හනේ, හන්, හඳී, හඳු, හඳේ, හප, හපති, හපන, හපනි, හපනී, හපනෝ, හපයි, හපල, හපලා, හපා, හපි, හපු, හපේ, හපෝ, හපෝෟ, හප්, හඵ, හඵි, හබ, හබ්, හභා, හම, හමා, හමි, හමූ, හමේ, හම්පඩ, හඹ, හඹා, හඹු, හයා, හයි, හයේ, හය්, හරා, හරී, හරු, හරේ, හරෝ, හර්, හලා, හලු, හලූ, හලේ, හලො, හලෝ, හල්, හව, හවා, හවු, හවෙ, හවේ, හව්, හසා, හසී, හසු, හසුුු, හසූ, හසෙ, හසේ, හස්, හළා, හළු, හළේ, හළෝ, හාංසි, හාඕ, හාකි, හාජ්, හාට, හාට්, හාඩප්, හාඩි, හාඩ්, හාති, හාත්, හාදු, හාන, හානා, හානි, හානී, හානු, හානේ, හාඳ, හාපය, හාපර්, හාපු, හාපෝ, හාම, හාමි, හාමී, හාමූ, හාම්, හායි, හාර, හාරා, හාරි, හාරී, හාරේ, හාර්, හාල, හාලා, හාලි, හාලේ, හාලෝ, හාව, හාවි, හාවේ, හාවො, හාවෝ, හාවෝ්, හාෂා, හාස, හාසො, හාා, හා්, හැ, හැංගි, හැංගී, හැංගු, හැංගූ, හැංගේ, හැංඟි, හැංඟී, හැඍ, හැක, හැකැ, හැකෑ, හැකී, හැක්, හැග, හැගැ, හැගි, හැගී, හැගෙ, හැගේ, හැඟ, හැඟි, හැඟී, හැඟූ, හැඟෙ, හැඟේ, හැච්, හැජ්, හැටි, හැටිෟ, හැටී, හැටේ, හැට්, හැඩක්, හැඩට, හැඩති, හැඩන්, හැඩයා, හැඩයි, හැඩයේ, හැඩවී, හැඩවූ, හැඩි, හැඩී, හැඩූ, හැඩේ, හැණි, හැඬ, හැඬි, හැඬී, හැඬු, හැඬූ, හැත, හැති, හැත්, හැද, හැදි, හැදී, හැදු, හැදූ, හැදේ, හැන, හැනි, හැනී, හැන්, හැඳ, හැඳැ, හැඳි, හැඳී, හැපි, හැපී, හැපූ, හැපේ, හැබැ, හැබෑ, හැබෝ, හැම, හැමා, හැමී, හැමු, හැමූ, හැමෝ, හැම්, හැඹී, හැයි, හැයී, හැරා, හැරැ, හැරි, හැරි්, හැරී"
Transformers,සංයොජන,සංයෝජන,"., ., :, :, -"
Transformers,අපේ,අපේ,"., ., :, :, -"
Transformers,ගෝවිජන්,ගොවිජන,"., ., :, :, -"
Transformers,දුර්ජන්,දූර්ජන,"., ., :, :, -"
Transformers,පඩ,පඩි,"., ., :, :, -"
SymSpell,සංයොජන,සංයෝජන,
SymSpell,අපේ,අපේ,
SymSpell,ගෝවිජන්,ගොවිජන,
SymSpell,දුර්ජන්,දූර්ජන,
SymSpell,පඩ,පඩි,
